key,rmse,std,rmse_over_std,distinct_in,distinct_out
pressure/cc,0.00107097,0.24032658,0.0045,251,199
pressure/ciwc,4e-08,7.46e-06,0.0058,3999,571
pressure/clwc,1.8e-07,3.115e-05,0.0059,2089,269
pressure/crwc,8e-08,1.503e-05,0.0054,6345,601
pressure/cswc,2.3e-07,3.96e-05,0.0058,19183,499
pressure/d,7.2e-07,2.565e-05,0.0281,75341,209
pressure/o3,0.0,1.68e-06,0.0018,150260,4152960
pressure/pv,5e-08,1.52e-05,0.0032,60427,4152960
pressure/q,2.124e-05,0.00483151,0.0044,142703,4152960
pressure/r,0.20470785,36.86651304,0.0056,124942,4152960
pressure/t,0.28118477,32.54237563,0.0086,196586,4152960
pressure/u,0.1435242,13.22010459,0.0109,152926,4152960
pressure/v,0.14306489,6.81550865,0.021,169021,4152960
pressure/vo,1.16e-06,4.11e-05,0.0282,71620,222
pressure/w,0.00322908,0.18085512,0.0179,43076,4152960
pressure/z,2.04862377,79393.37297397,0.0,227209,4152960
single/100u,0.01204527,6.65491857,0.0018,41887,1038240
single/100v,0.01202146,6.16445779,0.002,41685,1038240
single/10fg,0.2517342,4.52221012,0.0557,28714,1036800
single/10u,1.50864286,5.31251944,0.284,34043,1038240
single/10v,1.43133022,4.82207093,0.2968,33021,1038240
single/2d,0.02800282,22.49599172,0.0012,52051,1036801
single/2t,0.02770193,23.46727426,0.0012,59788,1036801
single/alnid,0.01738824,0.09061079,0.1919,31040,971113
single/alnip,0.01716481,0.08234446,0.2085,29871,966910
single/aluvd,0.01189577,0.04467226,0.2663,20236,865792
single/aluvp,0.01171025,0.0434557,0.2695,19468,869352
single/anor,0.16876185,0.56762757,0.2973,358182,986307
single/asn,0.00257745,0.01523817,0.1691,8502,709188
single/avg_cpr,2.5e-07,6.865e-05,0.0036,11438,1085
single/avg_csfr,3e-08,5.13e-06,0.0056,4782,348
single/avg_esrwe,1.4e-07,4.8e-07,0.2952,8900,14
single/avg_ibld,0.13908544,4.60128303,0.0302,11498,1038240
single/avg_ie,3.7e-07,3.217e-05,0.0115,26580,1038240
single/avg_iegwss,0.00019063,0.07865865,0.0024,6727,1846
single/avg_iews,0.00133142,0.17864636,0.0075,10061,1038240
single/avg_igwd,0.00594507,1.07435717,0.0055,3475,442
single/avg_ilspf,0.00363258,0.39665273,0.0092,32767,70
single/avg_ingwss,0.00079512,0.07533819,0.0106,4018,372
single/avg_inss,0.00121734,0.17205648,0.0071,10213,1038240
single/avg_ishf,0.12131931,60.32743345,0.002,30389,1038240
single/avg_lsprate,2.3e-07,9.075e-05,0.0026,4858,1837
single/avg_lssfr,9e-08,2.102e-05,0.0041,12965,721
single/avg_pevr,3e-07,4.478e-05,0.0066,35798,190
single/avg_rorwe,5e-08,2.151e-05,0.0024,3748,1095
single/avg_sdirswrf,0.1614491,193.30479783,0.0008,53650,1098
single/avg_sdirswrfcs,0.15318043,240.57771976,0.0006,54642,1198
single/avg_sdlwrf,0.11894265,97.10740872,0.0012,53284,1038240
single/avg_sdlwrfcs,0.1235518,100.52710493,0.0012,52959,1038240
single/avg_sdswrf,0.15371335,248.28518784,0.0006,33110,1427
single/avg_sdswrfcs,0.15413905,285.89320434,0.0005,33184,1426
single/avg_sduvrf,0.2339043,28.91412204,0.0081,60877,113
single/avg_slhtf,0.11826492,80.44138483,0.0015,31008,1038240
single/avg_smr,6e-07,5.23e-06,0.1151,3088,19
single/avg_snlwrf,0.1213837,40.85323248,0.003,37066,1038240
single/avg_snlwrfcs,0.12315555,33.14842135,0.0037,32220,1038240
single/avg_snswrf,0.16717305,210.84015948,0.0008,55864,783383
single/avg_snswrfcs,0.15379557,246.74847146,0.0006,57518,1297
single/avg_ssurfror,2.33e-06,1.165e-05,0.2001,2434,45
single/avg_surfror,1.08e-06,1.616e-05,0.0668,2864,58
single/avg_tdswrf,0.15398929,392.07638027,0.0004,42068,1793
single/avg_tnlwrf,0.1233988,56.48945219,0.0022,36704,1038240
single/avg_tnlwrfcs,0.12886063,51.7344953,0.0025,37055,1038240
single/avg_tnswrf,0.15382891,298.31831228,0.0005,37623,1645
single/avg_tnswrfcs,0.15385292,334.56069314,0.0005,37899,1657
single/avg_tprate,3.8e-07,0.00012687,0.003,6333,1575
single/avg_tsrwe,7e-08,2.235e-05,0.0033,13579,865
single/avg_vimdf,1.49e-06,0.00023668,0.0063,7643,1271
single/bfi,0.0081471,0.11877954,0.0686,3193,124
single/bld,818.4387584,16564.63374341,0.0494,10501,154
single/blh,5.77968803,602.24136483,0.0096,30860,286
single/cape,1.39562642,374.0693239,0.0037,13277,879
single/cbh,0.83225573,1726.07595393,0.0005,40141,4942
single/cdir,4176.7241935,866079.80512431,0.0048,48133,158
single/cdww,1.322e-05,0.00034619,0.0382,23682,47
single/chnk,0.00015003,0.00659106,0.0228,25533,158
single/ci,0.01165536,0.31989929,0.0364,22687,20
single/cin,1.15316488,186.59983327,0.0062,37942,251
single/cl,0.00016793,0.04607953,0.0036,117386,676
single/cp,2.136e-05,0.00024714,0.0864,10689,58
single/crr,2.4e-07,7.827e-05,0.003,7754,1217
single/csf,8.3e-07,1.845e-05,0.0448,6696,84
single/csfr,7e-08,6.48e-06,0.0108,4932,225
single/cvh,0.00147105,0.24614103,0.006,60096,76
single/cvl,0.00283782,0.28178609,0.0101,108578,42
single/dctb,1.17440293,294.49533779,0.004,28453,370
single/deg0l,1.04791212,2018.25497654,0.0005,47955,1567
single/dl,0.08121466,2117.12632915,0.0,663466,23333
single/dndza,0.0083767,0.48545742,0.0173,26167,58
single/dndzn,0.00744951,0.50372468,0.0148,15968,82
single/dwi,0.11518101,93.24114887,0.0012,44050,901
single/dwps,0.00809687,0.28361078,0.0285,35013,48
single/dwww,0.00851281,0.30361852,0.028,15237,52
single/e,1.11e-06,0.00011583,0.0096,44035,236
single/es,9e-08,1.72e-06,0.0531,8356,114
single/ewss,109.14551098,643.12637746,0.1697,15418,65
single/fal,0.01075472,0.27368083,0.0393,43788,16
single/fdir,5653.03321989,695897.27438912,0.0081,47526,111
single/flsr,0.07106641,2.90191456,0.0245,48004,53
single/fsr,0.00230776,0.41050823,0.0056,234546,123
single/gwd,166.15935881,3867.05139597,0.043,3210,176
single/hcc,0.00269371,0.41039125,0.0066,32767,76
single/hmax,0.01153209,2.60688451,0.0044,23569,474
single/i10fg,0.00807557,4.46942251,0.0018,28317,1214
single/ie,3.1e-07,3.249e-05,0.0096,26535,251
single/iews,0.00114682,0.1704222,0.0067,16340,1077
single/ilspf,0.00341915,0.39925803,0.0086,32765,70
single/inss,0.00104016,0.16199188,0.0064,9526,1247
single/ishf,0.08081491,55.62376567,0.0015,28930,2112
single/isor,0.0151977,0.2514565,0.0604,337938,20
single/istl1,0.65873758,3.57247848,0.1844,24521,9
single/istl2,0.65968017,3.19513712,0.2065,34738,8
single/istl3,0.60965509,2.2768581,0.2678,28320,6
single/istl4,0.0079625,1.0366245,0.0077,27194,151
single/kx,0.08085281,23.16599352,0.0035,50139,400
single/lai_hv,0.01292101,1.28395365,0.0101,45020,63
single/lai_lv,0.00656076,0.74968379,0.0088,30429,93
single/lblt,3.04399564,10.32095748,0.2949,32656,4
single/lcc,0.00402615,0.40439557,0.01,32768,59
single/lgws,16.80383437,283.17841833,0.0593,6205,215
single/licd,0.00618604,0.91402483,0.0068,19977,80
single/lict,1.37389764,15.5461469,0.0884,36492,10
single/lmld,0.36192611,20.50719158,0.0176,44794,46
single/lmlt,2.98813887,11.14224659,0.2682,33898,4
single/lsf,2.017e-05,7.568e-05,0.2665,12201,11
single/lshf,0.00304841,0.04169823,0.0731,29735,17
single/lsm,0.0,0.46053597,0.0,161239,161239
single/lsp,1.762e-05,0.00032671,0.0539,6985,164
single/lspf,13.92678158,1427.95010999,0.0098,57418,406
single/lsrr,1.9e-07,8.984e-05,0.0021,4838,1922
single/lssfr,7e-08,2.137e-05,0.0031,13098,931
single/ltlt,2.9177012,10.51994353,0.2773,32692,4
single/mcc,0.00358964,0.36395069,0.0099,32766,64
single/mdts,0.08056057,77.81890478,0.001,40215,1287
single/mdww,0.11439085,99.06775628,0.0012,42431,901
single/mgws,16.64120439,271.22643534,0.0614,3683,198
single/mn2t,0.02882732,23.29112905,0.0012,59268,1234
single/mntpr,2.3e-07,9.94e-05,0.0023,5327,1906
single/mp1,0.01151464,1.78669245,0.0064,32170,262
single/mp2,0.00808279,1.59961214,0.0051,29585,347
single/mpts,0.00807008,2.08975451,0.0039,35916,460
single/mpww,0.00782375,1.6844574,0.0046,27934,377
single/msl,0.57692739,1334.41468712,0.0004,33034,4381
single/msqs,9.363e-05,0.00554119,0.0169,24069,128
single/mwd,0.08080438,79.23633847,0.001,40413,1287
single/mwd1,1.50845475,85.15283495,0.0177,41107,70
single/mwd2,1.36092609,96.54890969,0.0141,42439,77
single/mwd3,2.08297224,105.60070129,0.0197,42539,50
single/mwp,0.01153807,2.02937767,0.0057,35051,292
single/mwp1,0.09184882,4.33567904,0.0212,26274,82
single/mwp2,0.09209849,4.68395241,0.0197,30667,84
single/mwp3,0.01148415,6.21498167,0.0018,35942,628
single/mx2t,0.02894796,23.30888981,0.0012,59378,1235
single/mxtpr,6e-07,0.00017964,0.0033,8309,1436
single/nsss,106.33584871,619.40271207,0.1717,9263,80
single/p1ps,0.01154359,1.95096742,0.0059,34558,302
single/p1ww,0.01134103,1.495153,0.0076,25085,232
single/p2ps,0.00807566,1.84831559,0.0044,33188,410
single/p2ww,0.01113585,1.59600294,0.007,26116,240
single/pev,1.06e-06,0.00016121,0.0066,32819,191
single/phiaw,0.03353555,2.52154802,0.0133,6828,340
single/phioc,0.03447053,11.84226456,0.0029,1779,868
single/pp1d,0.01150473,3.07652836,0.0037,25577,416
single/ptype,0.0,1.96803064,0.0,7,7
single/rhoao,0.01277041,0.05333499,0.2394,25762,11
single/ro,1.714e-05,7.743e-05,0.2214,3514,35
single/rsn,1.22214449,63.76686933,0.0192,9038,69
single/sd,0.02017329,3.17270023,0.0064,8810,28
single/sdfor,1.26042631,42.38301502,0.0297,283199,128
single/sdor,1.90996614,59.14576687,0.0323,310052,83
single/sf,2.203e-05,8.048e-05,0.2738,12734,11
single/shts,0.00807447,1.11616645,0.0072,20950,278
single/shww,0.01119961,1.17857407,0.0095,18236,255
single/skt,0.0288404,24.79512022,0.0012,34838,1439
single/slhf,1132.29956294,289589.35501456,0.0039,27733,580
single/slor,0.00011372,0.00990163,0.0115,285135,196
single/slt,0.0,1.16747746,0.0,8,8
single/smlt,5.17e-06,1.884e-05,0.2746,2985,8
single/sp,1036.56173891,9910.44236264,0.1046,47374,21
single/src,9.81e-06,8.157e-05,0.1203,20956,11
single/sro,1.1e-07,5.819e-05,0.0019,2721,911
single/sshf,1154.19218851,217178.79417175,0.0053,27250,611
single/ssr,4198.64780315,759024.61659282,0.0055,49597,168
single/ssrc,4206.37562169,888294.47193508,0.0047,50799,173
single/ssrd,4201.17182031,893826.75111867,0.0047,57178,188
single/ssrdc,4222.72569058,1029215.60243445,0.0041,57810,188
single/ssro,1.2e-07,4.195e-05,0.0028,2256,852
single/sst,0.0061259,11.7250122,0.0005,34602,1848
single/stl1,3.22159054,22.0283352,0.1462,58348,11
single/stl2,3.0395254,21.2192951,0.1432,51516,12
single/stl3,3.18856848,20.59741801,0.1548,49784,10
single/stl4,3.16154659,20.40793466,0.1549,47238,10
single/str,2913.05473928,147071.63532712,0.0198,33217,132
single/strc,4151.2763626,119334.30773205,0.0348,28936,84
single/strd,4156.61808472,349586.69542443,0.0119,47014,113
single/strdc,4147.62358656,361897.5798049,0.0115,46710,112
single/swh,0.01140961,1.39932405,0.0082,24918,140906
single/swh1,0.0080827,1.11196265,0.0073,20002,274
single/swh2,0.01125634,0.49092572,0.0229,17296,99
single/swh3,0.01134345,0.30612916,0.0371,18515,55
single/swvl1,0.00161129,0.14169437,0.0114,36876,82
single/swvl2,0.00168155,0.1411972,0.0119,36714,77
single/swvl3,0.00171914,0.14242117,0.0121,37020,76
single/swvl4,0.00158715,0.13813116,0.0115,38042,79
single/tauoc,0.01049318,0.10689974,0.0982,4904,55
single/tcc,0.04338859,0.369607,0.1174,32769,6
single/tciw,0.00389089,0.05575688,0.0698,14844,113
single/tclw,0.01340874,0.08850572,0.1515,12052,44
single/tco3,7.475e-05,0.00066419,0.1125,30610,16
single/tcrw,0.0159202,0.08906242,0.1788,4263,32
single/tcslw,0.01444139,0.05046015,0.2862,12508,17
single/tcsw,0.02089642,0.26495317,0.0789,5157,128
single/tcw,0.08266936,16.67756365,0.005,37278,347
single/tcwv,0.08250038,16.60227842,0.005,36430,278
single/tisr,4235.87577536,1411475.01607669,0.003,36976,236
single/tmax,0.00807956,1.77517802,0.0046,31892,363
single/totalx,0.08089228,9.3397564,0.0087,28550,229
single/tp,1.539e-05,0.00045672,0.0337,5875,227
single/tplb,1.30090166,323.93912532,0.004,28880,323
single/tplt,1.50981337,365.88465457,0.0041,31453,297
single/tsn,0.02716533,22.15805313,0.0012,52640,1097
single/tsr,4228.30210363,1073945.87911656,0.0039,33189,217
single/tsrc,4232.38001806,1204418.56947447,0.0035,33357,220
single/ttr,2905.63599124,203362.02952787,0.0143,32433,115
single/ttrc,2900.10813294,186244.29948417,0.0156,32773,112
single/tvh,0.0,5.12865213,0.0,7,7
single/tvl,0.0,3.5742589,0.0,10,10
single/u10n,0.01153918,5.32842833,0.0022,34167,1109
single/ust,0.00806379,0.09591894,0.0841,28791,34
single/uvb,4156.17559784,104090.83701543,0.0399,53869,23
single/v10n,0.01152758,4.8153554,0.0024,33076,986
single/vimd,0.00536318,0.85204835,0.0063,6938,1273
single/vst,0.01145703,0.08392296,0.1365,16084,26
single/wdw,0.00807268,0.17660003,0.0457,25464,38
single/wind,0.0112553,3.50623841,0.0032,28723,530
single/wmb,0.08920616,293.73824348,0.0003,988,988
single/wsk,0.00101195,0.01101358,0.0919,4385,96
single/wsp,0.04203356,1.1890966,0.0353,10224,66
single/wss,0.00030444,0.01256885,0.0242,27606,114
single/wstar,0.01017494,0.42489031,0.0239,23328,63
single/z,4.59931567,8350.70870813,0.0006,385622,2754
single/zust,0.00305742,0.15738978,0.0194,31504,138
